REQ_ID,FEATURE,REQUIREMENT_TEXT,REQUIREMENT_TYPE,PREPROCESS_BEFORE,PREPROCESS_AFTER,PREPROCESS_MAPPING_TEXT,NLP_ACTIONS,STATUS,MATCH_1_KEYWORD,MATCH_1_TAG,MATCH_1_MODULE,MATCH_1_SOURCE,MATCH_1_SEMANTIC,MATCH_1_LEXICAL,MATCH_1_SCORE,MATCH_2_KEYWORD,MATCH_2_TAG,MATCH_2_MODULE,MATCH_2_SOURCE,MATCH_2_SEMANTIC,MATCH_2_LEXICAL,MATCH_2_SCORE,MATCH_3_KEYWORD,MATCH_3_TAG,MATCH_3_MODULE,MATCH_3_SOURCE,MATCH_3_SEMANTIC,MATCH_3_LEXICAL,MATCH_3_SCORE,MATCH_4_KEYWORD,MATCH_4_TAG,MATCH_4_MODULE,MATCH_4_SOURCE,MATCH_4_SEMANTIC,MATCH_4_LEXICAL,MATCH_4_SCORE,MATCH_5_KEYWORD,MATCH_5_TAG,MATCH_5_MODULE,MATCH_5_SOURCE,MATCH_5_SEMANTIC,MATCH_5_LEXICAL,MATCH_5_SCORE,MATCH_6_KEYWORD,MATCH_6_TAG,MATCH_6_MODULE,MATCH_6_SOURCE,MATCH_6_SEMANTIC,MATCH_6_LEXICAL,MATCH_6_SCORE,MATCH_7_KEYWORD,MATCH_7_TAG,MATCH_7_MODULE,MATCH_7_SOURCE,MATCH_7_SEMANTIC,MATCH_7_LEXICAL,MATCH_7_SCORE,MATCH_8_KEYWORD,MATCH_8_TAG,MATCH_8_MODULE,MATCH_8_SOURCE,MATCH_8_SEMANTIC,MATCH_8_LEXICAL,MATCH_8_SCORE,MATCH_9_KEYWORD,MATCH_9_TAG,MATCH_9_MODULE,MATCH_9_SOURCE,MATCH_9_SEMANTIC,MATCH_9_LEXICAL,MATCH_9_SCORE,MATCH_10_KEYWORD,MATCH_10_TAG,MATCH_10_MODULE,MATCH_10_SOURCE,MATCH_10_SEMANTIC,MATCH_10_LEXICAL,MATCH_10_SCORE,MATCH_11_KEYWORD,MATCH_11_TAG,MATCH_11_MODULE,MATCH_11_SOURCE,MATCH_11_SEMANTIC,MATCH_11_LEXICAL,MATCH_11_SCORE,MATCH_12_KEYWORD,MATCH_12_TAG,MATCH_12_MODULE,MATCH_12_SOURCE,MATCH_12_SEMANTIC,MATCH_12_LEXICAL,MATCH_12_SCORE
REQ-001,achievements_validation::User accesses their achievements and sees their unlocked badges,"Given the user navigates to the ""Sign In"" page
When the user signs in with email ""chithien.nguyen@germangains.com"" and password ""password123""
Then the ""Main Page"" page should be opened
When the user is on the ""main"" page
And the user clicks the ""Achievements"" button right sidebar
Then the ""Achievements"" page should be opened
And the ""Your Badges"" section should be visible",functional_requirement,"Given the user navigates to the ""Sign In"" page
When the user signs in with email ""chithien.nguyen@germangains.com"" and password ""password123""
Then the ""Main Page"" page should be opened
When the user is on the ""main"" page
And the user clicks the ""Achievements"" button right sidebar
Then the ""Achievements"" page should be opened
And the ""Your Badges"" section should be visible",given the user navigate to the page when the user signs in with email and password then the page should be opened when the user is on the page and the user click the button right sidebar then the page should be opened and the section should be visible,"Given the user navigates to the ""Sign In"" page
When the user signs in with email ""chithien.nguyen@germangains.com"" and password ""password123""
Then the ""Main Page"" page should be opened
When the user is on the ""main"" page
And the user clicks the ""Achievements"" button right sidebar
Then the ""Achievements"" page should be opened
And the ""Your Badges"" section should be visible ; extracted actions: fill textbox '${NAME}' with value '${VALUE}' for email and password ; click button '${NAME}' ; validate page 'Sign In' is opened ; 'Sign In' page should be ready ; click button 'Sign In' ; section 'Sign In' should be visible",fill textbox '${NAME}' with value '${VALUE}' for email and password ; click button '${NAME}' | validate page 'Sign In' is opened ; 'Sign In' page should be ready | click button 'Sign In' | section 'Sign In' should be visible,NEEDS_REVIEW,Textbox Should Be Visible,Unknown,Common,Resource/Common/textbox.resource,0.3009,0.1795,0.4327,Page Should Be Ready,Unknown,Common,Resource/Common/page.resource,0.5166,0.1960,0.4185,Textbox Contain Value,Unknown,Common,Resource/Common/textbox.resource,0.2460,0.1686,0.3844,Textbox Should Be Empty,Unknown,Common,Resource/Common/textbox.resource,0.2254,0.1309,0.3612,Button Should Be Visible,Unknown,Common,Resource/Common/button.resource,0.2711,0.1838,0.3580,Go To Page,Unknown,Common,Resource/Common/page.resource,0.5425,0.1900,0.3397,Validate Section Is In View,Unknown,Common,Resource/Common/section.resource,0.2378,0.1701,0.3277,Clear Textbox,Unknown,Common,Resource/Common/textbox.resource,0.1704,0.1192,0.3128,Section Should Be Visible,Unknown,Common,Resource/Common/section.resource,0.2058,0.1790,0.3018,Scroll To Section,Unknown,Common,Resource/Common/section.resource,0.2059,0.1216,0.2933,Validate Page Is Opened,Unknown,Common,Resource/Common/common.resource,0.3654,0.1834,0.2881,Navigate To Page,Unknown,Common,Resource/Common/common.resource,0.3711,0.1293,0.2848
